nsites,elements,formula,volume,density,atomic_density,material_id,formation_energy_per_atom,energy_above_hull,band_gap,total_magnetization,element_1,element_2,alloy_type
2,"['Al', 'Ti']",TiAl,32.12605775377784,3.8687884886405763,16.06302887688892,mp-1953,-0.44695741333333305,0.0,0.0,4.1e-06,Al,Ti,binary
4,"['Al', 'Ti']",TiAl3,62.53764467945612,3.420287434298525,15.63441116986403,mp-542915,-0.43388963166666605,0.0,0.0,7.599999999999997e-06,Al,Ti,binary
4,"['Al', 'Ti']",TiAl3,61.89571334923711,3.45575983688709,15.473928337309278,mp-998981,-0.41083221666666603,0.023057415,0.0,2.899999999999999e-06,Al,Ti,binary
6,"['Al', 'Ti']",TiAl2,94.19215442346963,3.5903801623495193,15.698692403911606,mp-11809,-0.46964996222222105,0.0030881258333330004,0.0,1e-06,Al,Ti,binary
8,"['Al', 'Ni', 'Ti']",TiAlNi6,89.05993697789341,7.96166097118063,11.132492122236677,mp-1217044,-0.473768206666666,0.0,0.0,0.6432954,Al,Ti,binary
4,"['Al', 'Pd', 'Ti']",TiAlPd2,60.96111165129187,7.836439402401192,15.240277912822968,mp-1217040,-0.744713764166672,0.030355374999992003,0.0,0.7674084,Al,Ti,binary
4,"['Al', 'Au', 'Ti']",TiAlAu2,67.64896672723543,11.5069058015213,16.912241681808858,mp-1217022,-0.46214395770833505,0.042965133124997,0.0,0.903436199999999,Al,Ti,binary
4,"['Al', 'Ti', 'V']",TiAl2V,61.058640566028195,4.15474648395369,15.264660141507049,mp-1217015,-0.34388396791666703,0.023320597916669003,0.0,0.013166299999999001,Al,Ti,binary
4,"['Al', 'Ti', 'Zn']",TiAl2Zn,60.14388299355656,4.617377650566477,15.03597074838914,mp-1217009,-0.38783133833333305,0.0,0.0,7e-06,Al,Ti,binary
8,"['Al', 'Mo', 'Ti']",TiAl6Mo,120.98899048549683,4.195592781188226,15.123623810687103,mp-1217017,-0.40432835458333205,0.0,0.0,1e-07,Al,Ti,binary
8,"['Al', 'Ta', 'Ti']",TaTiAl6,124.9741060613679,5.191310914234235,15.621763257670988,mp-1217891,-0.40487872299999905,0.0,0.0,2.299999999999998e-06,Al,Ti,binary
6,"['Al', 'Au', 'Ti']",TiAlAu,97.9682600061412,9.214404849766419,16.328043334356867,mp-16481,-0.558657072222222,0.0,0.0,1.538678199999999,Al,Ti,binary
6,"['Al', 'Pt', 'Ti']",TiAlPt,91.36267994637073,9.812179895662483,15.227113324395122,mp-570713,-0.9877609472222221,0.0,0.0,2e-07,Al,Ti,binary
4,"['Al', 'Ir', 'Ti']",TiAlIr2,57.45603865313059,13.273741382638251,14.364009663282648,mp-1187464,-0.907798535833331,0.000500310000003,0.0,0.9783731,Al,Ti,binary
4,"['Al', 'Au', 'Ti']",TiAlAu2,65.90070936667558,11.812168566643388,16.475177341668896,mp-16482,-0.47678674416666605,0.028322346666666002,0.0,6e-06,Al,Ti,binary
4,"['Al', 'Fe', 'Ti']",TiAlFe2,48.54963900787228,6.380161358595181,12.13740975196807,mp-31187,-0.45416650083333204,0.0,0.0,0.973423199999999,Al,Ti,binary
4,"['Al', 'Cu', 'Ti']",TiAlCu2,53.43166117816773,6.275869888405448,13.357915294541932,mp-4771,-0.335837534166666,0.0,0.0,2e-07,Al,Ti,binary
4,"['Al', 'Co', 'Ti']",TiAlCo2,48.746788217865344,6.564753891622506,12.186697054466336,mp-5407,-0.6043146191666661,0.0,0.0,1.0003066,Al,Ti,binary
4,"['Al', 'Ni', 'Ti']",TiAlNi2,49.93250348550047,6.392915785187361,12.483125871375117,mp-7187,-0.623069183333332,0.0,0.0,7.21e-05,Al,Ti,binary
4,"['Al', 'Pd', 'Ti']",TiAlPd2,59.990082694593504,7.963283861274216,14.997520673648376,mp-865441,-0.7750691391666641,0.0,0.0,0.000304099999999,Al,Ti,binary
8,"['Al', 'V']",AlV3,109.87161605942043,5.434978790962956,13.733952007427554,mp-1387,-0.169027858749999,0.0,0.0,3.8461597,Al,V,binary
4,"['Al', 'V']",AlV3,56.05918287500639,5.326066777883863,14.014795718751598,mp-1228813,-0.12651598624999602,0.042511872499998,0.0,0.0065464,Al,V,binary
2,"['Al', 'V']",AlV,28.046370211736175,4.613582749090788,14.023185105868087,mp-1228001,-0.28638329500000004,0.0,0.0,1.699999999999999e-06,Al,V,binary
3,"['Al', 'V']",AlV2,41.48501035188418,5.158118530756612,13.828336783961392,mp-1228006,-0.18311095666666602,0.025035380833333003,0.0,9e-07,Al,V,binary
4,"['Al', 'Fe', 'V']",AlVFe2,47.01693269109623,6.696733285445902,11.754233172774057,mp-1228816,-0.38128014999999904,0.047482470000000006,0.0,5.4e-06,Al,V,binary
8,"['Al', 'C', 'V']",AlV2C,94.63146585030746,4.943996906524432,11.828933231288433,mp-1025497,-0.5740756675,0.0,0.0,5.6e-06,Al,V,binary
8,"['Al', 'Ge', 'V']",AlV6Ge,108.02708666071085,6.22961872517182,13.503385832588856,mp-1228829,-0.23588536937499902,0.0,0.0,2.7795836,Al,V,binary
8,"['Al', 'Ga', 'V']",AlV6Ga,108.88579381244392,6.136004946438615,13.61072422655549,mp-1228807,-0.20036260250000001,0.0,0.0,3.3323557,Al,V,binary
8,"['Al', 'Sb', 'V']",AlV6Sb,114.56557893979513,6.586037864263111,14.320697367474391,mp-1228831,-0.20629014624999903,0.009849447499995001,0.0,1.7085538,Al,V,binary
8,"['Al', 'Sn', 'V']",AlV6Sn,115.1484173030525,6.508718176413158,14.393552162881562,mp-1228822,-0.12775440500000101,0.007078069999995,0.0,2.493687,Al,V,binary
4,"['Al', 'Mn', 'V']",Mn2AlV,55.65596939425768,5.603132837461857,13.91399234856442,mp-10895,-0.317624613965518,0.0,0.0,4.2228412,Al,V,binary
4,"['Al', 'Ni', 'V']",AlVNi2,48.60220712603457,6.672940104255336,12.150551781508643,mp-10899,-0.39258929145833504,0.046284947395832006,0.0,0.0002926,Al,V,binary
4,"['Al', 'Pa', 'V']",PaAlV2,65.05017060049379,9.187196584638269,16.262542650123446,mp-1186390,-0.142235083749991,0.016425026250001,0.0,0.0003945,Al,V,binary
4,"['Al', 'Co', 'V']",AlVCo2,46.79101261358072,6.948257301087539,11.69775315339518,mp-4955,-0.44793970249999904,0.0,0.0,2.0007333,Al,V,binary
4,"['Al', 'Fe', 'V']",AlVFe2,45.26065315029953,6.956591127539882,11.315163287574883,mp-5778,-0.42876261999999904,0.0,0.0,0.0,Al,V,binary
4,"['Al', 'Os', 'V']",AlVOs2,54.087478144064995,14.072812583990622,13.521869536016249,mp-862700,-0.60377356,0.0,0.0,1e-07,Al,V,binary
4,"['Al', 'Ru', 'V']",AlVRu2,53.14771827709595,8.750246140038335,13.286929569273987,mp-866001,-0.730717902500003,0.0,0.0,0.0,Al,V,binary
7,"['Al', 'F', 'V']",AlVF5,87.97900633740328,3.263644536577369,12.568429476771897,mp-1248567,-3.479429516428573,0.022429603571429,3.1768,3.0000168,Al,V,binary
8,"['Al', 'C', 'Ti', 'V']",TiAlVC,104.22256583194738,4.391055008578444,13.027820728993422,mp-1217042,-0.596308088333332,0.010726406249993001,0.0,0.005814499999999,Al,V,binary
8,"['Al', 'C', 'Nb', 'V']",NbAlVC,108.07793739527105,5.618411438898571,13.509742174408881,mp-1220371,-0.470681731250001,0.038975689375000004,0.0,0.0021504,Al,V,binary
4,"['Al', 'Cr']",Al3Cr,58.03391651727654,3.80386617646166,14.508479129319134,mp-867780,-0.15663263999999802,0.0,0.0,2.0923579,Al,Cr,binary
4,"['Al', 'Cr', 'Fe']",AlCrFe2,45.623688523800745,6.939620028014657,11.405922130950186,mp-1228906,-0.15702917999999902,0.024139161249999003,0.0,1.0409318,Al,Cr,binary
6,"['Al', 'Be', 'Cr']",Be4AlCr,58.75537554750614,3.250864685120042,9.792562591251023,mp-1227276,-0.098219859999999,0.021463719166666003,0.0,3.0032449,Al,Cr,binary
6,"['Al', 'Cr', 'Ge']",AlCrGe,84.26550151796108,5.97556550535159,14.044250252993514,mp-1228945,-0.025036292222222003,0.044578214444443,0.0,0.0007505999999990001,Al,Cr,binary
4,"['Al', 'Cr', 'Fe']",AlCrFe2,44.48363207867446,7.117473278074657,11.120908019668615,mp-16495,-0.164215934999999,0.016952406249998,0.0,0.998752499999999,Al,Cr,binary
4,"['Al', 'Cr', 'Ru']",AlCrRu2,52.396535531909294,8.909116155615983,13.099133882977323,mp-862781,-0.3686861925,0.0,0.0,1.1216391,Al,Cr,binary
4,"['Al', 'Cr', 'Mn']",Mn2AlCr,57.94069836208003,5.412413089218342,14.485174590520007,mp-864988,-0.16105888646551703,0.0,0.0,4.3145458,Al,Cr,binary
7,"['Al', 'Cr', 'F']",AlCrF5,83.17713692007524,3.473110743686645,11.88244813143932,mp-1262600,-3.410629022142856,0.009800899285719,2.4445,4.0000002,Al,Cr,binary
8,"['Al', 'C', 'Cr', 'V']",AlVCrC,92.5209267737031,5.094632099567751,11.565115846712887,mp-1228847,-0.3422021725,0.0013378268750050002,0.0,0.0013269,Al,Cr,binary
8,"['Al', 'Co', 'Cr', 'Fe']",Al2CrFeCo4,92.49298329164489,7.137034879353089,11.561622911455611,mp-1228949,-0.29205683999999904,0.037073238749999,0.0,8.0036451,Al,Cr,binary
6,"['Al', 'B', 'Cr', 'Mo']",Al2CrB2Mo,66.57784594238852,5.57491222041338,11.096307657064754,mp-1228929,-0.37752296648550904,0.031676111123189,0.0,5.5e-06,Al,Cr,binary
8,"['Al', 'C', 'Cr']",AlCr2C,87.09966264258458,5.45194410649955,10.887457830323072,mp-9956,-0.17222914625000002,0.0,0.0,0.0043184,Al,Cr,binary
5,"['Al', 'B', 'Cr']",Al(CrB)2,46.47548390271115,5.452147327232025,9.295096780542229,mp-7692,-0.38110427100000005,0.0,0.0,0.0010658,Al,Cr,binary
8,"['Al', 'B', 'Cr']",AlCr3B4,68.69240483448665,5.468390825826213,8.586550604310832,mp-637575,-0.36287728624999804,0.0,0.0,0.573593399999999,Al,Cr,binary
6,"['Al', 'Cr', 'Mn']",MnAl2Cr3,82.11039834888501,5.356924856499302,13.685066391480836,mp-1221662,-0.163298816321839,0.0,0.0,0.6568624,Al,Cr,binary
8,"['Al', 'C', 'Cr', 'Ti']",TiAl2Cr3C2,93.71176846295843,4.994100188680455,11.713971057869804,mp-1217049,-0.30025425791666605,0.020289355749998003,0.0,0.0061709,Al,Cr,binary
8,"['Al', 'C', 'Cr', 'Ga']",AlCr4GaC2,89.02691043792449,6.131138957374102,11.12836380474056,mp-1228967,-0.1504028321875,0.0005288318749980001,0.0,0.003619599999999,Al,Cr,binary
4,"['Al', 'Fe']",AlFe3,48.2003719603683,6.701241054958837,12.050092990092075,mp-1183162,-0.198893174999999,0.0,0.0,7.2070118,Al,Fe,binary
2,"['Al', 'Fe']",AlFe,23.03979004034681,5.969529360107075,11.519895020173404,mp-2658,-0.326887014999999,0.0,0.0,0.7174963,Al,Fe,binary
4,"['Al', 'Fe']",AlFe3,48.13206524920219,6.710751133839217,12.033016312300548,mp-2018,-0.163539367499999,0.035353807499999,0.0,7.3221923,Al,Fe,binary
6,"['Al', 'Fe', 'Zr']",Zr2AlFe3,91.9538995023412,6.807371372567034,15.325649917056866,mp-1215552,-0.374860698333328,0.011692672500002001,0.0,4.2181888,Al,Fe,binary
6,"['Al', 'Fe', 'Y']",Y2AlFe3,105.84746440056165,5.841099636113581,17.641244066760276,mp-1216110,-0.152249979999998,0.017427263493589,0.0,5.4856522,Al,Fe,binary
6,"['Al', 'Fe', 'U']",U2AlFe3,87.81859059381397,12.679717494737096,14.636431765635662,mp-1216645,-0.15533163499999703,0.004517732500000001,0.0,0.1449655,Al,Fe,binary
6,"['Al', 'Fe', 'Tb']",Tb2AlFe3,100.5549681258138,8.461101743642743,16.7591613543023,mp-1217696,-0.157529342222221,0.017619961562499002,0.0,3.94573,Al,Fe,binary
6,"['Al', 'Fe', 'Ho']",Ho2AlFe3,102.88154312896823,8.463605465241216,17.14692385482804,mp-1223966,-0.18934736666666402,0.009983281223957,0.0,5.4236809,Al,Fe,binary
6,"['Al', 'Er', 'Fe']",Er2AlFe3,101.56952836524879,8.649075496018266,16.928254727541464,mp-1225058,-0.21294089499999702,0.0076266824999970005,0.0,5.3760836,Al,Fe,binary
6,"['Al', 'Fe', 'Gd']",Gd2AlFe3,101.97450116596055,8.28875687771397,16.995750194326757,mp-1225145,-0.10922562499999901,0.032602527610297,0.0,18.3898833,Al,Fe,binary
6,"['Al', 'Ce', 'Fe']",Ce2AlFe3,104.13349227342103,7.570460549682085,17.35558204557017,mp-1226839,-0.16429355,0.011688269166663,0.0,4.2787866,Al,Fe,binary
6,"['Al', 'Fe', 'Zr']",ZrAlFe4,80.9796788684743,7.004425546712333,13.496613144745716,mp-1215319,-0.289543898333332,0.0,0.0,7.2640211,Al,Fe,binary
6,"['Al', 'Be', 'Fe']",Be4AlFe,53.208972200188796,3.709844713765956,8.868162033364799,mp-1227272,-0.236783661666664,0.0,0.0,0.962502899999999,Al,Fe,binary
5,"['Al', 'Fe', 'H']",AlFe3H,50.634665689260885,6.412129531661077,10.126933137852177,mp-1206123,-0.20500472224999902,0.0,0.0,7.321186,Al,Fe,binary
5,"['Al', 'C', 'Fe']",AlFe3C,54.43025908535758,6.300659849414099,10.886051817071515,mp-22793,-0.159749470999999,0.0,0.0,5.8869668,Al,Fe,binary
4,"['Al', 'Co', 'Fe']",AlFeCo2,45.19279476525925,7.374150017976933,11.298198691314813,mp-10884,-0.35879662500000004,0.0,0.0,4.9954475,Al,Fe,binary
4,"['Al', 'Fe', 'Ir']",AlFeIr2,54.22693788603931,14.308467504775212,13.556734471509827,mp-1183163,-0.485886752499999,0.017963469166669,0.0,4.563966,Al,Fe,binary
4,"['Al', 'Fe', 'Ge']",AlFe2Ge,45.24417284541743,7.755497404439652,11.311043211354358,mp-1183187,-0.211584308749999,0.012931964166666001,0.0,0.3686639,Al,Fe,binary
2,"['Al', 'Ni']",AlNi,23.472839297968516,6.060902167304869,11.736419648984258,mp-1228868,-0.6581211049999991,0.026780045000000002,0.0,0.0001836,Al,Ni,binary
6,"['Al', 'Ni']",AlNi2,67.07495457744089,7.148100740005991,11.179159096240149,mp-1025044,-0.490064431666665,0.027575857500000002,0.0,0.0,Al,Ni,binary
8,"['Al', 'Ni']",AlNi3,87.79262614116702,7.6815551532728055,10.974078267645877,mp-1183232,-0.40519879874999903,0.021220978749999002,0.0,1.8527767,Al,Ni,binary
2,"['Al', 'Ni']",AlNi,23.386572118200654,6.083259310291866,11.693286059100327,mp-1487,-0.6849011500000001,0.0,0.0,5.9e-06,Al,Ni,binary
4,"['Al', 'Ni']",AlNi3,43.72785438535495,7.71114783966961,10.931963596338738,mp-2593,-0.42641977749999904,0.0,0.0,0.9176515,Al,Ni,binary
8,"['Al', 'Mn', 'Ni']",MnAlNi6,88.08104273422228,8.183449564418371,11.010130341777785,mp-1221740,-0.25653153974137805,0.018324063749999002,0.0,4.6516143,Al,Ni,binary
8,"['Al', 'Cu', 'Ni']",AlCuNi6,89.00385840541591,8.2591994271699,11.125482300676989,mp-1228938,-0.18506885250000002,0.028141036249999002,0.0,2.0942108,Al,Ni,binary
8,"['Al', 'Ni', 'Si']",AlSiNi6,85.36206044175206,7.921751973737542,10.670257555219008,mp-1228041,-0.430051100625,9.628749998213948e-06,0.0,1.2549379,Al,Ni,binary
8,"['Al', 'Co', 'Ni']",AlCoNi6,87.77340796267792,8.287713674717164,10.97167599533474,mp-1228972,-0.197792825000002,0.019286010625000002,0.0,4.6127692,Al,Ni,binary
8,"['Al', 'Ga', 'Ni']",AlGaNi6,88.07388109684923,8.462869546451437,11.009235137106154,mp-1228918,-0.35302968250000005,0.0,0.0,1.8644156,Al,Ni,binary
8,"['Al', 'Ge', 'Ni']",AlNi6Ge,87.82829194143989,8.541684485106286,10.978536492679986,mp-1228832,-0.336871960000001,0.0,0.0,1.2885205,Al,Ni,binary
6,"['Al', 'Nd', 'Ni']",NdAlNi4,88.74554294342582,7.596709504643995,14.790923823904302,mp-1220221,-0.41961237458333206,0.049778696666666004,0.0,0.0630271,Al,Ni,binary
6,"['Al', 'La', 'Ni']",LaAlNi4,89.47832644476054,7.435460848038577,14.91305440746009,mp-1222982,-0.416938129166666,0.048649106666665005,0.0,0.0327922,Al,Ni,binary
9,"['Al', 'Ni', 'Th']",ThAlNi,173.66076432027785,9.113886747076716,19.295640480030873,mp-1078581,-0.608231055555555,0.0,0.0,2e-07,Al,Ni,binary
9,"['Al', 'Ni', 'Yb']",YbAlNi,153.91863023332525,8.373377452886896,17.102070025925027,mp-1078733,-0.656904579444446,0.0,0.0,2e-07,Al,Ni,binary
9,"['Al', 'Nd', 'Ni']",NdAlNi,172.72648286538546,6.6310513411412195,19.191831429487273,mp-1078757,-0.508782830277779,0.0,0.0,2.6e-06,Al,Ni,binary
9,"['Al', 'Hf', 'Ni']",HfAlNi,138.1746788651451,9.523949051462765,15.352742096127233,mp-1078767,-0.682866538888889,0.0,0.0,3e-07,Al,Ni,binary
9,"['Al', 'Er', 'Ni']",ErAlNi,156.87429153976407,8.032036649061329,17.430476837751563,mp-1078826,-0.620111243333332,0.0,0.0,2.2e-06,Al,Ni,binary
9,"['Al', 'Ni', 'Pr']",PrAlNi,176.1692180480079,6.407179035314627,19.574357560889766,mp-1079699,-0.48406216166666605,0.0,0.0,6e-07,Al,Ni,binary
10,"['Al', 'Cu']",AlCu,136.37894603678083,5.511280106531164,13.637894603678083,mp-2500,-0.24248409,0.0,0.0,0.0,Al,Cu,binary
6,"['Al', 'Cu']",Al2Cu,86.07526115209427,4.533902325917433,14.345876858682379,mp-998,-0.16506810666666602,0.047588876666665,0.0,1e-07,Al,Cu,binary
3,"['Al', 'Cu']",Al2Cu,47.011921203643695,4.15061559653069,15.670640401214564,mp-985806,-0.21265698333333302,0.0,0.0,0.0,Al,Cu,binary
5,"['Al', 'Ce', 'Cu']",CeAl3Cu,94.89291736008357,4.980354881022077,18.978583472016716,mp-1069443,-0.49259246200000106,0.0,0.0,0.932715299999999,Al,Cu,binary
5,"['Al', 'Cu', 'Pr']",PrAl3Cu,95.35492454597241,4.970010433727597,19.070984909194483,mp-1069825,-0.5118632363333331,0.0,0.0,0.0,Al,Cu,binary
5,"['Al', 'Cu', 'Nd']",NdAl3Cu,94.20314628104157,5.089551753474695,18.840629256208313,mp-1069375,-0.518551503499999,0.0,0.0,0.0,Al,Cu,binary
5,"['Al', 'Cu', 'La']",LaAl3Cu,97.70717735024915,4.816332684604213,19.54143547004983,mp-1070573,-0.5198575469999991,0.0,0.0,1.77e-05,Al,Cu,binary
5,"['Al', 'Cu', 'Gd']",GdAl3Cu,91.15251225006766,5.496854317533845,18.23050245001353,mp-1076933,-0.48077337999999903,0.0,0.0,7.117644999999999,Al,Cu,binary
5,"['Al', 'Cu', 'Sm']",SmAl3Cu,92.39783841298033,5.29894394453913,18.479567682596066,mp-1219105,-0.516801621999999,0.0,0.0,0.0,Al,Cu,binary
5,"['Al', 'Cu', 'Ho']",HoAl3Cu,89.1118037709106,5.765852896892608,17.82236075418212,mp-1224113,-0.42391713699999806,0.0,0.0,0.0,Al,Cu,binary
8,"['Al', 'Cu', 'S']",AlCuS2,146.42766229382923,3.50773727814024,18.303457786728654,mp-4979,-0.963132853906248,0.0,1.6756,0.0,Al,Cu,binary
8,"['Al', 'Cu', 'Se']",AlCuSe2,172.5678946576471,4.7813858384767585,21.570986832205886,mp-8016,-0.7563341932812491,0.0,0.8921999999999991,1e-07,Al,Cu,binary
8,"['Al', 'Cu', 'Te']",AlCuTe2,218.71279783515297,5.249753008760489,27.33909972939412,mp-8017,-0.42519420625000104,0.0,1.0186,0.0,Al,Cu,binary
4,"['Al', 'Cu', 'Tb']",Tb2AlCu,89.8349794679364,7.548596584102646,22.4587448669841,mp-1217689,-0.347382061041667,0.029590575833331002,0.0,0.027828699999999002,Al,Cu,binary
4,"['Al', 'Cu', 'Mn']",MnAl2Cu,52.64371522151556,5.43949419471843,13.16092880537889,mp-1221660,-0.24584263198275802,0.004662129930553,0.0,2.1969457,Al,Cu,binary
4,"['Al', 'Cu', 'Er']",Er2AlCu,86.43878335442739,8.165370850203978,21.609695838606847,mp-1225076,-0.325927632499998,0.026013006354166,0.0,0.00036,Al,Cu,binary
8,"['Al', 'Cu', 'W']",Al5CuW2,118.11013351934595,7.959411154090757,14.763766689918244,mp-1228126,-0.169023851999998,0.005097319499999,0.0,0.000395799999999,Al,Cu,binary
4,"['Al', 'Cu', 'Pd']",AlCuPd2,55.87999733181149,9.014918994937128,13.969999332952872,mp-1228912,-0.6095764662500011,0.020547323749998,0.0,1.2900000000000002e-05,Al,Cu,binary
8,"['Al', 'Cu', 'Mo']",Al5CuMo2,117.43562851183921,5.51931602402423,14.679453563979902,mp-1228135,-0.31610813135416405,0.031850072673611,0.0,0.0003406,Al,Cu,binary
6,"['Se', 'Ti', 'V']",TiVSe4,134.29448594363987,5.127090872860212,22.38241432393998,mp-1216764,-1.202155005451389,0.014170258333333002,0.0,1.1954986,Ti,V,binary
7,"['Se', 'Ti', 'V']",Ti2VSe4,140.4407180149884,5.468677941222612,20.062959716426914,mp-1025203,-1.305356773720238,0.016565360952379,0.0,1.023653699999999,Ti,V,binary
7,"['Te', 'Ti', 'V']",Ti2VTe4,175.10624835831518,6.231071407703514,25.01517833690217,mp-1025219,-0.8437518019047621,0.009515937714279001,0.0,1.0070408,Ti,V,binary
7,"['S', 'Ti', 'V']",Ti2VS4,120.8668173567157,3.777224787824178,17.266688193816528,mp-1025368,-1.5739931266666671,0.018362926190474003,0.0,1.1210759,Ti,V,binary
10,"['S', 'Ti', 'V']",Ti3VS6,177.73177130595923,3.615091031086018,17.773177130595922,mp-1217148,-1.609152567499999,0.011204661999992,0.0,2.2017829,Ti,V,binary
10,"['O', 'Ti', 'V']",TiVO3,104.65784905784909,4.658575783530177,10.46578490578491,mp-755657,-3.000208739666667,0.029407818000001,0.0,6.001692,Ti,V,binary
10,"['O', 'Ti', 'V']",TiVO3,103.87320059980844,4.6937662299986105,10.387320059980844,mp-1216763,-3.029616557666668,0.0,0.0,6.0,Ti,V,binary
6,"['H', 'Ti', 'V']",TiVH4,39.822863046780064,4.288246908533343,6.637143841130011,mp-1216687,-0.369346426944445,0.011013811666666,0.0,0.0011963,Ti,V,binary
4,"['C', 'Ti', 'V']",TiVC2,38.21590222931809,5.337145941829848,9.553975557329522,mp-1216691,-0.7425095625347221,0.031365983715277004,0.0,0.0004833,Ti,V,binary
6,"['B', 'Ti', 'V']",TiVB4,48.92594182606865,4.82124036767164,8.15432363767811,mp-1216667,-0.9210973761111121,0.009228583333333,0.0,0.0012912,Ti,V,binary
4,"['Ru', 'Ti', 'V']",TiVRu2,55.63721744920728,8.982058488832466,13.90930436230182,mp-1100772,-0.5375355541666661,0.035782759999996,0.0,0.4381981,Ti,V,binary
8,"['Os', 'Ti', 'V']",Ti2VOs,121.86037880589362,9.181733225916238,15.232547350736702,mp-1187461,-0.49700734583333106,0.0,0.0,5.6332112,Ti,V,binary
4,"['Mn', 'Ti', 'V']",TiMn2V,52.653057097445625,6.581363616761673,13.163264274361406,mp-865678,-0.276929562298851,0.0,0.0,0.8560186,Ti,V,binary
4,"['Re', 'Ti', 'V']",TiVRe2,57.6228943212319,13.579383325467605,14.405723580307974,mp-865916,-0.46495339041666706,0.0,0.0,1.7000000000000003e-05,Ti,V,binary
4,"['Tc', 'Ti', 'V']",TiVTc2,56.76326656971813,8.624257570069174,14.190816642429532,mp-865914,-0.49707345916666706,0.0,0.0,0.0010389,Ti,V,binary
4,"['Ir', 'Ti', 'V']",Ti2VIr,60.06832400600828,9.368402480672717,15.01708100150207,mp-972238,-0.5512849641666651,0.0,0.0,1.8804695999999992,Ti,V,binary
7,"['Se', 'Ti', 'V']",Ti2VSe4,135.14823443352412,5.682834554792527,19.306890633360588,mp-1217146,-1.280027466577381,0.041894668095237,0.0,1.781813699999999,Ti,V,binary
7,"['Te', 'Ti', 'V']",Ti2VTe4,170.0269079442221,6.417216843193237,24.289558277746014,mp-1217132,-0.821868217619048,0.031399521999994004,0.0,2.5858264,Ti,V,binary
7,"['Cr', 'Te', 'Ti']",Ti2CrTe4,169.64969403869782,6.441807915704703,24.23567057695683,mp-1025345,-0.7891145647619041,0.049293122857143004,0.0,2.4727238,Ti,Cr,binary
7,"['Cr', 'Se', 'Ti']",Ti2CrSe4,139.10696930998913,5.533700180343098,19.872424187141302,mp-1208265,-1.228798368005952,0.017436204126978,0.0,2.3960263,Ti,Cr,binary
4,"['As', 'Cr', 'Ti']",TiCrAs2,68.11588097354101,6.087377281183596,17.028970243385253,mp-1216963,-0.5434949395833331,0.0066236868750000006,0.0,2.579577699999999,Ti,Cr,binary
4,"['Cr', 'N', 'Ti']",TiCrN2,36.937692305607804,5.7487057446151635,9.234423076401951,mp-1216865,-1.3115331460416662,0.034393904999999,0.0,2.0278289,Ti,Cr,binary
9,"['As', 'Cr', 'Ti']",TiCrAs,126.64282984767084,6.875323844462377,14.071425538630093,mp-1079641,-0.584777569166666,0.024972767777779,0.0,0.0550412,Ti,Cr,binary
9,"['Cr', 'P', 'Ti']",TiCrP,113.8178907558513,5.726508879919227,12.6464323062057,mp-11580,-0.9103525437698401,0.0,0.0,0.027135199999999002,Ti,Cr,binary
6,"['B', 'Cr', 'Ti']",TiCrB4,48.312903341407704,4.918663831452296,8.052150556901283,mp-1216966,-0.667893634166668,0.046883184166670006,0.0,0.0107376,Ti,Cr,binary
9,"['Cr', 'Si', 'Ti']",Ti2CrSi6,120.79712863325122,4.347239276581111,13.421903181472358,mp-1217112,-0.40594569037037004,0.038412135555553006,0.0,2.499999999999999e-06,Ti,Cr,binary
4,"['Cr', 'Tc', 'Ti']",TiCrTc2,55.133576135811445,8.910944479733624,13.783394033952861,mp-1187470,-0.22197038666666502,0.037379602499999005,0.0,0.043851999999999,Ti,Cr,binary
4,"['Cr', 'Ir', 'Ti']",Ti2CrIr,57.93031584828285,9.744387405132874,14.482578962070713,mp-861656,-0.561369319166665,0.0,0.0,0.8385937,Ti,Cr,binary
7,"['Ag', 'Cr', 'S', 'Ti']",TiCrAgS4,135.38545192321354,4.12102387488546,19.34077884617336,mp-1216979,-1.096793904999999,0.011659717063487,0.0,3.0007203,Ti,Cr,binary
7,"['Ag', 'Cr', 'S', 'Ti']",TiCrAgS4,132.9079406058246,4.1978430870613455,18.986848657974942,mp-1238875,-1.101449394999999,0.0070042270634880005,0.22029999999999902,3.0000187,Ti,Cr,binary
7,"['Cr', 'Te', 'Ti']",Ti(CrTe2)2,175.1445893483851,6.278853819616451,25.02065562119787,mp-1025207,-0.6049455257142851,0.035925570714288,0.0,7.8125341,Ti,Cr,binary
7,"['Cr', 'Se', 'Ti']",Ti(CrSe2)2,140.94624654575242,5.510134622602132,20.135178077964632,mp-1025279,-0.983394101815475,0.025641342539681002,0.0,7.5798067,Ti,Cr,binary
7,"['Cr', 'S', 'Ti']",Ti(CrS2)2,123.0033485858441,3.781595218768463,17.57190694083487,mp-1078058,-1.231788804761901,0.0,0.0,7.9422869,Ti,Cr,binary
7,"['Cr', 'Se', 'Ti']",Ti(CrSe2)2,140.3512682874377,5.533493230905701,20.050181183919673,mp-1101119,-0.9747155632440471,0.034319881111108,0.0,6.1865387,Ti,Cr,binary
7,"['Cr', 'S', 'Ti']",Ti(CrS2)2,118.97345270259319,3.9096862731848763,16.996207528941884,mp-1217360,-1.207015894761901,0.024772909999996002,0.0,5.9779264,Ti,Cr,binary
2,"['Fe', 'Ti']",TiFe,25.377989104011977,6.786110080250348,12.688994552005989,mp-305,-0.42083015166666504,0.0,0.0,1.699999999999999e-06,Ti,Fe,binary
7,"['Fe', 'S', 'Ti']",Ti2FeS4,113.84699030327994,4.081650209815777,16.26385575761142,mp-9942,-1.410330176666665,0.024835269999998,0.0,2.0765589,Ti,Fe,binary
10,"['Fe', 'S', 'Ti']",Ti3FeS6,176.02916076501947,3.696313627086135,17.60291607650195,mp-1217178,-1.4885242124999971,0.008529196499980001,0.0,2.243300999999999,Ti,Fe,binary
10,"['Fe', 'O', 'Ti']",TiFeO3,102.67577859097742,4.907110856305436,10.267577859097742,mp-19417,-2.717671577666666,0.012041214999998,2.7436,8.000182,Ti,Fe,binary
10,"['Fe', 'O', 'Ti']",TiFeO3,102.29482436671371,4.925385335207109,10.229482436671372,mp-19270,-2.697939042666667,0.031773749999999004,2.052199999999999,7.9999951,Ti,Fe,binary
9,"['Fe', 'P', 'Ti']",TiFeP,107.07739854510965,6.266055373624991,11.897488727234405,mp-1080486,-1.032844150436507,0.029949080555553002,0.0,1.1900000000000001e-05,Ti,Fe,binary
9,"['As', 'Fe', 'Ti']",TiFeAs,124.26685045934462,7.161074823517227,13.807427828816069,mp-1095148,-0.669403793611113,0.0,0.0,4.4125678,Ti,Fe,binary
3,"['Fe', 'Sb', 'Ti']",TiFeSb,53.922219977914885,6.943428230102202,17.974073325971627,mp-10755,-0.431601187777778,0.0,0.0,0.9880355999999991,Ti,Fe,binary
3,"['Fe', 'Te', 'Ti']",TiFeTe,49.995294755868,7.682775238129715,16.665098251956,mp-961673,-0.650884536666657,0.0,0.9852000000000001,0.0,Ti,Fe,binary
4,"['Fe', 'Os', 'Ti']",Ti2FeOs,55.285113097628205,10.266546743120065,13.821278274407051,mp-1187427,-0.564715619166667,0.0,0.0,0.0001595,Ti,Fe,binary
4,"['Fe', 'Tc', 'Ti']",Ti2FeTc,55.91645942623543,7.411693872529284,13.979114856558857,mp-1187434,-0.44970936791666605,0.0089890075,0.0,0.48346019999999906,Ti,Fe,binary
4,"['Co', 'Fe', 'Ti']",Ti2FeCo,52.9675892635119,6.599577754127151,13.241897315877974,mp-1187429,-0.399876224166667,0.004524152500000001,0.0,0.9904833,Ti,Fe,binary
4,"['Fe', 'Ru', 'Ti']",Ti2FeRu,54.570436019407765,7.687927112919125,13.642609004851941,mp-1187428,-0.575021109166666,0.016949789999999,0.0,9.3e-06,Ti,Fe,binary
4,"['Fe', 'Ir', 'Ti']",Ti2FeIr,57.06427335811901,10.004275097977548,14.266068339529753,mp-861672,-0.667715469166665,0.0,0.0,0.8759903,Ti,Fe,binary
4,"['Fe', 'Mn', 'Ti']",Ti2MnFe,57.12701225514282,6.002932896432338,14.281753063785706,mp-861983,-0.33844832864942703,0.0,0.0,2.1694268,Ti,Fe,binary
10,"['Fe', 'Mn', 'O', 'Ti']",Ti2MnFeO6,110.84130823535018,4.532023318667783,11.084130823535018,mp-1217127,-2.84028389445977,0.001874529999993,0.0,0.999961299999999,Ti,Fe,binary
6,"['Fe', 'Ni', 'Sb', 'Ti']",Ti2FeNiSb2,104.34455277712658,7.221651617365096,17.390758796187765,mp-1217120,-0.644490747777776,0.0,0.9409999999999991,0.0001925,Ti,Fe,binary
4,"['Co', 'Fe', 'Ge', 'Ti']",TiFeCoGe,49.14617031656249,7.949759982792211,12.286542579140622,mp-1018012,-0.46164263208333306,0.028118637499999002,0.0,1.0033117,Ti,Fe,binary
4,"['Co', 'Fe', 'Si', 'Ti']",TiFeCoSi,46.89512003046012,6.753704224267911,11.72378000761503,mp-998971,-0.631628308333333,0.029189958749999002,0.0,1.0028496,Ti,Fe,binary
4,"['Co', 'Fe', 'Ga', 'Ti']",TiGaFeCo,47.756813371687656,8.079610811335654,11.939203342921914,mp-998964,-0.47178935270833305,0.0,0.0,2.8e-06,Ti,Fe,binary
4,"['Ni', 'Ti']",TiNi,53.41171910495046,6.625800858603042,13.352929776237614,mp-1048,-0.39585502666666605,0.0,0.0,0.0,Ti,Ni,binary
4,"['Ni', 'Ti']",TiNi,54.29443885123011,6.518078495566351,13.573609712807528,mp-1179013,-0.38580461666666604,0.010050409999999,0.0,0.0126132,Ti,Ni,binary
2,"['Ni', 'Ti']",TiNi,26.679065565689605,6.632455200383208,13.339532782844802,mp-571,-0.347360651666666,0.04849437499999901,0.0,0.000481,Ti,Ni,binary
4,"['Ni', 'Ti']",TiNi,53.530082804701415,6.611150137693481,13.382520701175354,mp-603347,-0.37845085166666603,0.017404175,0.0,0.0,Ti,Ni,binary
4,"['Ni', 'Ti']",TiNi,54.098951152272214,6.541631709438071,13.524737788068053,mp-1067248,-0.39384824416666603,0.002006782499999,0.0,0.0,Ti,Ni,binary
3,"['Cu', 'Ni', 'Ti']",TiCuNi,37.87441682707452,7.458024343143517,12.62480560902484,mp-1216850,-0.30937436777777805,0.0,0.0,7e-06,Ti,Ni,binary
7,"['Ga', 'Ni', 'Ti']",TiGa5Ni,110.18431189015058,6.859747280618505,15.740615984307226,mp-1025313,-0.32045285297619003,0.045363785999999004,0.0,0.000878,Ti,Ni,binary
4,"['Ni', 'Ti', 'Zn']",TiZnNi2,51.092843151813085,7.496638804641476,12.773210787953271,mp-1216672,-0.35409075583333205,0.047802207500000006,0.0,0.0006757,Ti,Ni,binary
8,"['Ga', 'Ni', 'Ti']",TiGaNi6,89.55321004617439,8.710339811926138,11.194151255771798,mp-1216876,-0.40348692635416505,0.0,0.0,0.6765146,Ti,Ni,binary
4,"['In', 'Ni', 'Ti']",TiInNi2,58.66411463544134,7.92767722214995,14.666028658860334,mp-1216917,-0.327231709999998,0.040899142499997,0.0,0.005506299999999,Ti,Ni,binary
4,"['Cu', 'Ni', 'Ti']",TiCuNi2,48.24036538248915,7.875790394991046,12.060091345622288,mp-1207070,-0.346954685833332,0.0104582734375,0.0,0.0005815999999990001,Ti,Ni,binary
10,"['Ni', 'O', 'Ti']",TiNiO3,100.19293107218306,5.12312776225902,10.019293107218306,mp-18732,-2.596717666666666,0.0,0.0,4.0000001,Ti,Ni,binary
10,"['Ni', 'O', 'Ti']",TiNiO3,100.00880325404562,5.132560035281104,10.000880325404562,mp-850194,-2.582765521666667,0.013952144999999002,0.0,0.0,Ti,Ni,binary
8,"['Ni', 'Ta', 'Ti']",TaTiNi6,93.74436603711558,10.291094707354612,11.718045754639448,mp-1217832,-0.41003776883333204,0.010734950000001001,0.0,3e-07,Ti,Ni,binary
9,"['Ga', 'Ni', 'Ti']",TiGaNi,122.54304449821784,7.166268971650974,13.615893833135315,mp-30656,-0.549284703611111,0.0,0.0,0.403868599999999,Ti,Ni,binary
3,"['Ni', 'Sb', 'Ti']",TiNiSb,51.656303492038795,7.339567841128439,17.2187678306796,mp-20952,-0.557564111111111,0.0,0.0,6.0400000000000004e-05,Ti,Ni,binary
3,"['Ni', 'Sn', 'Ti']",TiNiSn,51.52463255869068,7.260028479048589,17.174877519563562,mp-924130,-0.529422349444445,0.0,0.45270000000000005,0.0,Ti,Ni,binary
4,"['In', 'Ni', 'Ti']",TiInNi2,57.483230743660044,8.090536306612785,14.370807685915011,mp-22463,-0.335994847499999,0.032136004999996005,0.0,1.6400000000000002e-05,Ti,Ni,binary
4,"['Ga', 'Ni', 'Ti']",TiGaNi2,49.602451823418185,7.866307849734964,12.400612955854546,mp-30657,-0.5410241252083321,0.0,0.0,1.4100000000000002e-05,Ti,Ni,binary
4,"['Cr', 'V']",V3Cr,50.846825305193256,6.688964471292457,12.711706326298314,mp-1187695,0.045187074999999,0.045187074999999,0.0,0.0005041,V,Cr,binary
7,"['Cr', 'Te', 'V']",V2CrTe4,170.28371015603375,6.477785782710129,24.32624430800482,mp-1025278,-0.5093574238095231,0.026335133428569003,0.0,8.0005674,V,Cr,binary
7,"['Cr', 'Se', 'V']",V2CrSe4,127.40615974291974,6.122050279610108,18.20087996327425,mp-1025232,-0.915315198482142,0.007896243174597,0.0,3.9857179,V,Cr,binary
7,"['Cr', 'S', 'V']",V2CrS4,109.03033655674129,4.296996712667642,15.575762365248755,mp-1078077,-1.185308495714281,0.034761170158731,0.0,3.0378009,V,Cr,binary
10,"['Cr', 'O', 'V']",VCrO3,99.6975000973038,5.027905257482025,9.96975000973038,mp-1216392,-2.443056250999997,0.007511480125003,1.613299999999999,10.0000001,V,Cr,binary
6,"['B', 'Cr', 'V']",VCrB4,46.156347622258814,5.25908721384691,7.692724603709802,mp-1216375,-0.5096853747222241,0.035849372500003,0.0,0.21885759999999901,V,Cr,binary
4,"['Cr', 'Mn', 'V']",MnV2Cr,51.01572699211236,6.796904552629198,12.75393174802809,mp-864953,-0.14542008612068802,0.0,0.0,0.6323669,V,Cr,binary
4,"['Cr', 'Os', 'V']",V2CrOs,53.06910792157714,10.767217051527641,13.267276980394286,mp-865485,-0.324751372499999,0.0,0.0,0.077392999999999,V,Cr,binary
4,"['Cr', 'Tc', 'V']",V2CrTc,51.74921529550602,8.082346432147153,12.937303823876505,mp-865495,-0.214846122500002,0.004401685000001001,0.0,0.0013482,V,Cr,binary
4,"['Cr', 'Re', 'V']",V2CrRe,52.36070985125525,10.785305559490919,13.090177462813813,mp-865484,-0.23462483562499803,0.00451777125,0.0,0.0146608,V,Cr,binary
4,"['Cr', 'Ru', 'V']",V2CrRu,51.19227152143796,8.2698604293662,12.79806788035949,mp-865494,-0.223364091249997,0.011705994999999001,0.0,3.83e-05,V,Cr,binary
4,"['Cr', 'Fe', 'V']",V2CrFe,47.14032692999465,7.387625074698746,11.785081732498663,mp-865490,-0.1609811425,0.0,0.0,4.6500000000000005e-05,V,Cr,binary
8,"['As', 'Cr', 'V']",VCrAs2,123.54032579437201,6.795390751762506,15.442540724296501,mp-1216397,-0.32152627375,0.017629193749999002,0.0,2.0964923,V,Cr,binary
8,"['Cr', 'P', 'V']",VCrP2,103.64314633101851,5.283478929300748,12.955393291377314,mp-1216354,-0.650768273988095,0.0,0.0,1.5979305,V,Cr,binary
4,"['B', 'Cr', 'V']",VCrB2,34.374217861722684,6.017186565585572,8.593554465430671,mp-1216398,-0.6526933687500001,0.0025949025000000002,0.0,1e-07,V,Cr,binary
6,"['Cr', 'Nb', 'V']",NbVCr,87.06704818180732,7.470256234467841,14.511174696967887,mp-1220374,-0.006671329999998,0.025151975555555,0.0,2e-07,V,Cr,binary
7,"['Cr', 'Te', 'V']",V2CrTe4,172.51198012304667,6.394114750112505,24.644568589006667,mp-1216577,-0.5133551723809521,0.022337384857140003,0.0,8.0030939,V,Cr,binary
8,"['Cr', 'Li', 'S', 'V']",Li2VCrS4,127.07498829431307,3.202551939522106,15.884373536789134,mp-1222735,-1.287338302083332,0.033670920178574,0.0,4.999667,V,Cr,binary
8,"['Cr', 'Li', 'O', 'V']",Li2VCrO4,74.70719470923319,4.019077756591448,9.338399338654149,mp-755540,-2.449152683333334,0.002048764374999,0.9832000000000001,1.0000083,V,Cr,binary
8,"['C', 'Cr', 'Ge', 'V']",VCrGeC,92.64312636314568,6.7246802394397065,11.58039079539321,mp-1216420,-0.271627849999999,0.015034016371526002,0.0,0.008678,V,Cr,binary
4,"['Co', 'Fe']",Fe3Co,45.778260642464964,8.21480064690456,11.444565160616241,mp-601820,-0.041613642499999,0.0,0.0,9.7767383,Fe,Co,binary
2,"['Co', 'Fe']",FeCo,22.88274681661618,8.32914327631918,11.44137340830809,mp-2090,-0.055374125,0.0,0.0,4.8366533,Fe,Co,binary
8,"['Co', 'Fe']",Fe7Co,91.92474536878193,8.126109012760738,11.490593171097741,mp-1080603,-0.020268399999999003,0.0005384212500000001,0.0,19.8978244,Fe,Co,binary
6,"['As', 'Co', 'Fe']",FeCoAs4,91.52601849771052,7.519551959285356,15.254336416285087,mp-1224972,-0.272482626666667,0.010952888333333001,0.0,1.0019276,Fe,Co,binary
6,"['Co', 'Fe', 'Sb']",FeCoSb4,121.58974380127813,8.21897137493345,20.264957300213023,mp-1224950,-0.22550814500000002,0.030466440833332,0.0,0.493707599999999,Fe,Co,binary
4,"['Co', 'Fe', 'Pt']",FeCoPt2,52.20665406925563,16.060843167926787,13.051663517313907,mp-1224993,-0.11161303,0.048859772083335,0.0,5.3802117,Fe,Co,binary
4,"['Al', 'Co', 'Fe']",Al2FeCo,46.1903095236686,6.066239380628205,11.54757738091715,mp-1228905,-0.46761120000000006,0.00044176249999900005,0.0,0.7098728,Fe,Co,binary
6,"['Co', 'Fe', 'Th']",ThFe4Co,90.0998420677415,9.47948779133357,15.016640344623584,mp-1217382,-0.08050014666666501,0.034341983333337,0.0,10.1953755,Fe,Co,binary
4,"['Co', 'Fe', 'Si']",Fe2CoSi,42.952160954325194,7.682117583594532,10.738040238581299,mp-1207117,-0.350147934999999,0.0,0.0,5.0944857,Fe,Co,binary
4,"['Co', 'Fe', 'Ga']",GaFe2Co,46.57728047463346,8.568646392386917,11.644320118658365,mp-1224895,-0.14808343437500002,0.03382903375,0.0,4.9303181,Fe,Co,binary
4,"['Al', 'Co', 'Fe']",Al2FeCo,45.295256037268544,6.186110845809926,11.323814009317136,mp-862691,-0.46805296249999906,0.0,0.0,0.0072225,Fe,Co,binary
8,"['B', 'Co', 'Fe']",FeCoB2,62.92056382791963,7.19948578683443,7.8650704784899546,mp-1224999,-0.364744174583333,0.023993178125,0.0,2.0693313,Fe,Co,binary
8,"['Co', 'Fe', 'Si']",FeCoSi2,87.81323054531936,6.465263034704562,10.97665381816492,mp-1224983,-0.5178229725000001,0.004089288749999,0.0,2.0051436,Fe,Co,binary
6,"['B', 'Co', 'Fe']",FeCoB,53.2513487739335,7.83250638498112,8.875224795655583,mp-1224984,-0.270341689722222,0.017585127222223003,0.0,5.8739582,Fe,Co,binary
6,"['Co', 'Fe', 'U']",UFeCo,79.6528336795287,14.710085097126067,13.27547227992145,mp-1216650,-0.16181002166666703,0.008632675833332,0.0,0.0007067,Fe,Co,binary
6,"['Co', 'Fe', 'Zr']",ZrFeCo,85.35738959345424,8.015116072131702,14.22623159890904,mp-1215271,-0.28178546333333304,0.006733008888884001,0.0,4.2371544,Fe,Co,binary
6,"['Co', 'Fe', 'Y']",YFeCo,96.66327783375836,6.998010445027382,16.110546305626393,mp-1215958,-0.121678723333333,0.0,0.0,6.1552142,Fe,Co,binary
6,"['Co', 'Fe', 'Sm']",SmFeCo,100.74397773483331,8.740419839370308,16.79066295580555,mp-1219068,-0.043722933333332006,0.029704210500001,0.0,5.8783560999999995,Fe,Co,binary
6,"['Co', 'Fe', 'Ho']",HoFeCo,94.27648399234505,9.8532931384222,15.712747332057509,mp-1223978,-0.16945965666666502,0.0,0.0,6.2438209,Fe,Co,binary
4,"['Fe', 'Ni']",FeNi,44.565559886299106,8.535536782713221,11.141389971574776,mp-2213,-0.067223354999999,0.0,0.0,7.0750505,Fe,Ni,binary
4,"['Fe', 'Ni']",Fe3Ni,45.99259718762883,8.167860028471221,11.498149296907208,mp-1224780,0.005985720000000001,0.039597397499999,0.0,8.0058738,Fe,Ni,binary
6,"['Fe', 'Ni', 'Sb']",FeNiSb4,125.07337216627204,7.986867368497338,20.845562027712006,mp-1224810,-0.252100486666665,0.016251567833331003,0.0,0.6699473,Fe,Ni,binary
6,"['As', 'Fe', 'Ni']",FeNiAs4,94.15489818571865,7.305371000431946,15.692483030953108,mp-1224951,-0.251229201666666,0.004083650625002,0.0,0.698105,Fe,Ni,binary
8,"['Fe', 'Ni', 'Pt']",FeNiPt6,115.9909523387971,18.396806513016966,14.498869042349638,mp-1224947,-0.136207711249998,0.0,0.0,5.7127394,Fe,Ni,binary
4,"['Al', 'Fe', 'Ni']",Al2FeNi,46.11677921292339,6.067277256690975,11.529194803230848,mp-1228910,-0.5236166949999991,0.0,0.0,0.0792378,Fe,Ni,binary
4,"['Fe', 'Ni', 'Pt']",FeNiPt2,54.17037525866971,15.471273557938195,13.542593814667427,mp-13463,-0.20882483500000001,0.0,0.0,5.1910644,Fe,Ni,binary
6,"['Fe', 'Ni', 'Th']",ThFe4Ni,90.10018739276289,9.475032057317728,15.016697898793815,mp-1217349,-0.09430845833333201,0.049541771458329005,0.0,9.137105,Fe,Ni,binary
9,"['Fe', 'Ni', 'P']",FeNiP,98.42788121889535,7.364639775057215,10.936431246543927,mp-1080653,-0.46716696599206303,0.015153214771238,0.0,3.5266479,Fe,Ni,binary
8,"['Fe', 'Ni', 'V']",V6FeNi,99.23501471094428,7.031163294785402,12.404376838868036,mp-1216443,-0.170610111250001,0.0,0.0,2.25e-05,Fe,Ni,binary
5,"['Fe', 'N', 'Ni']",Fe3NiN,53.75524893195147,7.421038440795771,10.751049786390293,mp-567703,-0.12639488099999702,0.026355179500001002,0.0,8.0131899,Fe,Ni,binary
4,"['Al', 'Fe', 'Ni']",Al2FeNi,47.387626509048474,5.904564256177336,11.846906627262118,mp-867330,-0.499208689999998,0.024408005000000003,0.0,0.2247,Fe,Ni,binary
8,"['As', 'Fe', 'Ni']",Fe3NiAs4,105.4935255922351,8.278252776181798,13.186690699029388,mp-1224770,-0.232915087499999,0.0,0.0,4.9600000000000006e-05,Fe,Ni,binary
8,"['Fe', 'Ni', 'P']",Fe3NiP4,90.40738391085101,6.430820563395516,11.300922988856376,mp-1224771,-0.5656395123214271,0.0,0.0,1e-07,Fe,Ni,binary
6,"['Fe', 'Ni', 'Zr']",Zr4FeNi,111.54187521523265,7.137405118353338,18.59031253587211,mp-1215366,-0.213489703333333,0.019898161166667,0.0,0.2630035,Fe,Ni,binary
8,"['Fe', 'Li', 'Ni', 'O']",Li2FeNiO4,69.85851721455232,4.573781678413289,8.73231465181904,mp-755008,-1.679438497083333,0.042025526354166,0.0,6.0006599,Fe,Ni,binary
8,"['Cu', 'Fe', 'Ni', 'Pt']",Fe2CuNiPt4,110.13397277985533,15.292532159602061,13.766746597481916,mp-1224737,-0.169561733749999,0.03267459375,0.0,7.8559239,Fe,Ni,binary
10,"['Fe', 'Ni']",Fe3Ni2,113.77037187958861,8.317170314372055,11.37703718795886,mp-1225009,-0.032160788999998004,0.021617895,0.0,17.6999576,Fe,Ni,binary
4,"['Fe', 'Ni']",FeNi3,44.20546592147309,8.712064155440634,11.051366480368273,mp-1007855,-0.072726832499999,0.0170325225,0.0,4.4393089,Fe,Ni,binary
2,"['Co', 'Ni']",CoNi,21.187145840237367,9.218965014989857,10.593572920118683,mp-1226076,0.014804099999999001,0.030279887499997004,0.0,2.5338178,Co,Ni,binary
4,"['Co', 'Ni']",Co3Ni,42.5007957607719,9.200893642176961,10.625198940192975,mp-1226559,0.0007653474999990001,0.023979028749998,0.0,6.1498343,Co,Ni,binary
8,"['Co', 'Ni']",Co3Ni,84.7416530296993,9.229116674551973,10.592706628712412,mp-1183837,-0.023213681249998,0.0,0.0,12.1604263,Co,Ni,binary
4,"['Co', 'Ni']",Co3Ni,42.74719400073707,9.147858956449987,10.686798500184267,mp-1008349,-0.007562662499999001,0.015651018749998,0.0,6.2386071,Co,Ni,binary
10,"['Co', 'Ni', 'O']",CoNiO3,96.02910678797515,5.727980852771097,9.602910678797516,mp-1272234,-1.113034286999999,0.023617660999999002,0.7645000000000001,3.9984017,Co,Ni,binary
6,"['Co', 'Ni', 'Te']",CoNiTe4,140.29871471255615,7.433159298699863,23.383119118759357,mp-1226048,-0.213990056666666,0.0,0.0,1e-07,Co,Ni,binary
6,"['As', 'Co', 'Ni']",CoNiAs4,97.12124532348705,7.135045775919116,16.186874220581174,mp-1226018,-0.278149253660719,0.018289251130953,0.0,0.0004343,Co,Ni,binary
6,"['Co', 'Ni', 'Te']",CoNiTe4,140.59429120366383,7.417532297599431,23.432381867277304,mp-1226054,-0.20982208833333202,0.004167968333334,0.0,1e-07,Co,Ni,binary
10,"['Co', 'Ni', 'Zr']",Zr5Co4Ni,166.61268760468306,7.480290193352386,16.661268760468307,mp-1215360,-0.289512633000001,0.036108173999997,0.0,3.0440075,Co,Ni,binary
4,"['Co', 'Ni', 'Ti']",Ti2CoNi,53.449942030290636,6.62851239520033,13.362485507572659,mp-1217078,-0.360996084166666,0.030916730000000003,0.0,0.734281,Co,Ni,binary
4,"['Co', 'Ga', 'Ni']",Ga2CoNi,48.69453512894124,8.766468060930872,12.17363378223531,mp-1224798,-0.29168813023809403,0.022079342261903,0.0,0.521355999999999,Co,Ni,binary
4,"['Co', 'Ni', 'Pt']",CoNiPt2,53.00930807629847,15.906881138538052,13.252327019074617,mp-1226004,-0.088807944999998,0.0,0.0,3.7057652,Co,Ni,binary
4,"['Al', 'Co', 'Ni']",Al2CoNi,46.3187849050348,6.151529119284306,11.5796962262587,mp-1228913,-0.625177445,0.0,0.0,0.7927797,Co,Ni,binary
10,"['Co', 'Ni', 'O']",CoNiO3,87.35959763657713,6.296421914378502,8.735959763657714,mp-1178424,-1.136651947999999,0.0,0.0,2.000238,Co,Ni,binary
4,"['As', 'Co', 'Ni']",CoNiAs2,56.51791854205768,7.858464274520028,14.12947963551442,mp-1226009,-0.23456280683238903,0.037218823011361,0.0,0.0067731,Co,Ni,binary
4,"['Co', 'Ni', 'Te']",CoNiTe2,71.52071501967005,8.6561372589003,17.880178754917512,mp-1226017,-0.137721520703131,0.049292338046871005,0.0,0.0576873,Co,Ni,binary
6,"['Co', 'Ni', 'Tb']",Tb2Co3Ni,92.64651113543258,9.917791775836138,15.441085189238763,mp-1217693,-0.23407004722222402,0.004972128611109,0.0,3.0950409,Co,Ni,binary
6,"['Co', 'Ni', 'Si']",CoSi4Ni,75.85510751288385,5.03422707592568,12.642517918813974,mp-1226006,-0.42309461000000004,0.0,0.0,0.0,Co,Ni,binary
6,"['Co', 'Ho', 'Ni']",HoCo4Ni,82.13598130193382,9.286787613124723,13.68933021698897,mp-1223872,-0.131684024166666,0.044765474280302,0.0,6.1040781,Co,Ni,binary
9,"['Co', 'Ni', 'P']",CoNiP,94.79555380668903,7.809122523164001,10.532839311854337,mp-1226037,-0.507503998214284,0.0,0.0,0.0,Co,Ni,binary
4,"['Cu', 'Ni']",CuNi3,42.799672693581684,9.297002557231611,10.699918173395421,mp-1184054,0.0430200825,0.0430200825,0.0,1.9105648,Ni,Cu,binary
2,"['Cu', 'Ni']",CuNi,21.65107456024777,9.375206695303214,10.825537280123886,mp-1225687,0.041428610000000005,0.041428610000000005,0.0,0.0001058,Ni,Cu,binary
6,"['Ce', 'Cu', 'Ni']",CeCuNi,104.28974798032046,8.354635033074917,17.38162466338674,mp-1226800,-0.25223091666666503,0.022619536666666003,0.0,0.0349673,Ni,Cu,binary
4,"['Cu', 'Ni', 'Zn']",Zn2CuNi,48.209250953734404,8.716412109275309,12.052312738433601,mp-1215438,-0.163784274999999,0.009078507499999,0.0,5e-07,Ni,Cu,binary
4,"['Cu', 'Ni', 'Sb']",CuNiSb2,72.89306394744521,8.332175103986186,18.223265986861303,mp-11834,-0.127051317500001,0.014259523749998,0.0,1e-07,Ni,Cu,binary
6,"['Cu', 'Ni', 'Tb']",TbCuNi4,80.56173995832737,9.424735648377471,13.426956659721228,mp-1217589,-0.308017847777776,0.0,0.0,1.3598674,Ni,Cu,binary
6,"['Cu', 'La', 'Ni']",LaCuNi4,85.03794472807952,8.537709982919951,14.172990788013253,mp-1222960,-0.272428915833331,0.0,0.0,0.9950072,Ni,Cu,binary
5,"['Cu', 'N', 'Ni']",CuNi3N,50.7404251421085,8.300429841600447,10.1480850284217,mp-1017556,-0.027755303750001,0.0,0.0,1.0067557,Ni,Cu,binary
4,"['Cu', 'Ga', 'Ni']",GaCuNi2,45.253816655745375,9.197539101202702,11.313454163936344,mp-1184005,-0.24082098499999902,0.008674284375,0.0,2.13e-05,Ni,Cu,binary
4,"['Cu', 'Ni', 'Pm']",Pm2CuNi,85.46023719887461,8.01003660800462,21.365059299718652,mp-1186454,-0.19093916125000002,0.0,0.0,1.94e-05,Ni,Cu,binary
4,"['Cu', 'Ni', 'Sc']",Sc2CuNi,65.03918813976308,5.4165097313634885,16.25979703494077,mp-1186945,-0.3903659975,0.0036201899999990005,0.0,2.6e-06,Ni,Cu,binary
4,"['Cu', 'Ni', 'Sn']",CuNi2Sn,53.33112882077918,9.329796432727012,13.332782205194794,mp-30592,-0.135795281249999,0.034833898541666006,0.0,1.3300000000000001e-05,Ni,Cu,binary
4,"['Cu', 'Ni', 'Zn']",ZnCuNi2,44.74828788532739,9.141359412114879,11.187071971331848,mp-971738,-0.12022703749999901,0.007258230000000001,0.0,1e-07,Ni,Cu,binary
4,"['Cu', 'Er', 'Ni']",Er2CuNi,78.59705575138108,9.650024411319189,19.64926393784527,mp-1225072,-0.38917302749999905,0.0,0.0,0.0,Ni,Cu,binary
8,"['Cu', 'Ni', 'Ti']",TiCuNi2,96.95025606759131,7.837648331024276,12.118782008448914,mp-1079193,-0.336294755833332,0.021118203437501003,0.0,0.0006943,Ni,Cu,binary
6,"['Cu', 'Nd', 'Ni']",NdCuNi4,83.11818565565254,8.841516695534674,13.853030942608756,mp-1220204,-0.259869711250019,0.0,0.0,0.0009885,Ni,Cu,binary
6,"['Cu', 'Er', 'Ni']",ErCuNi,95.33498990748,10.084931112589874,15.889164984579999,mp-1225545,-0.33290044499999805,0.048841962500001,0.0,0.010701299999999001,Ni,Cu,binary
